Cluster,Size,Percentage,Age_mean,Age_median,Age_std,Fare_mean,Fare_median,Fare_std,Pclass_mean,Pclass_median,Pclass_std,FamilySize_mean,FamilySize_median,FamilySize_std,Pclass_mode,Pclass_1_rate,Pclass_2_rate,Pclass_3_rate,Female_rate,Male_rate,Alone_rate
0,62,18.128654970760234,10.970483870967744,5.0,10.75866443466699,29.243209677419355,22.19165,26.336690371734754,2.3870967741935485,2.0,0.6364563449332696,3.5161290322580645,3.0,1.1414965081679849,3,0.08064516129032258,0.45161290322580644,0.46774193548387094,0.6290322580645161,0.3709677419354839,0.0
1,135,39.473684210526315,26.314814814814813,27.0,7.988270491822691,14.006667407407406,10.5,10.369233465716826,2.6666666666666665,3.0,0.4731602234073834,1.2962962962962963,1.0,0.5335613111418164,3,0.0,0.3333333333333333,0.6666666666666666,0.6814814814814815,0.31851851851851853,0.7407407407407407
2,130,38.01169590643275,37.753846153846155,35.5,12.350226146416135,65.61952076923077,57.489599999999996,36.9574618698365,1.1076923076923078,1.0,0.3111906080106101,1.7692307692307692,2.0,0.8402515453785439,1,0.8923076923076924,0.1076923076923077,0.0,0.6846153846153846,0.3153846153846154,0.4461538461538462
3,15,4.385964912280701,30.533333333333335,31.0,10.487180382779366,287.78084,247.5208,119.20474567992429,1.0,1.0,0.0,2.6666666666666665,2.0,1.8771812708978117,1,1.0,0.0,0.0,0.8666666666666667,0.13333333333333333,0.3333333333333333
