Model,Accuracy,AUC,F1_Class0,F1_Class1,Precision_Class1,Recall_Class1
Decision Tree,0.7821229050279329,0.8199604743083004,0.8186046511627907,0.7272727272727273,0.7027027027027027,0.7536231884057971
Random Forest,0.8100558659217877,0.8559947299077733,0.8425925925925926,0.7605633802816901,0.7397260273972602,0.782608695652174
Gradient Boosting,0.7932960893854749,0.8559947299077735,0.8398268398268398,0.7086614173228346,0.7758620689655172,0.6521739130434783
